{
    "loss": 5.474959373474121,
    "accuracy": 0.6983195543289185
}