{
    "loss": 17.753164291381836,
    "accuracy": 0.39378583431243896
}