{
    "loss": 20.740806579589844,
    "accuracy": 0.26416856050491333
}